<?xml version="1.0" encoding="UTF-8"?>
<GenRun Id="impl_1" LaunchPart="xc7s100fgga676-1" LaunchTime="1620148960">
  <File Type="PA-TCL" Name="SIGN_EXTEND_TEST_BENCH.tcl"/>
  <File Type="REPORTS-TCL" Name="SIGN_EXTEND_TEST_BENCH_reports.tcl"/>
  <File Type="BITSTR-MSK" Name="SIGN_EXTEND_TEST_BENCH.msk"/>
  <File Type="RDI-RDI" Name="SIGN_EXTEND_TEST_BENCH.vdi"/>
  <File Type="BG-BIT" Name="SIGN_EXTEND_TEST_BENCH.bit"/>
  <File Type="BG-DRC" Name="SIGN_EXTEND_TEST_BENCH.drc"/>
  <File Type="BG-BGN" Name="SIGN_EXTEND_TEST_BENCH.bgn"/>
  <File Type="BG-BIN" Name="SIGN_EXTEND_TEST_BENCH.bin"/>
  <File Type="BITSTR-RBT" Name="SIGN_EXTEND_TEST_BENCH.rbt"/>
  <File Type="BITSTR-NKY" Name="SIGN_EXTEND_TEST_BENCH.nky"/>
  <File Type="BITSTR-BMM" Name="SIGN_EXTEND_TEST_BENCH_bd.bmm"/>
  <File Type="BITSTR-MMI" Name="SIGN_EXTEND_TEST_BENCH.mmi"/>
  <File Type="BITSTR-SYSDEF" Name="SIGN_EXTEND_TEST_BENCH.sysdef"/>
  <File Type="BITSTR-LTX" Name="debug_nets.ltx"/>
  <File Type="BITSTR-LTX" Name="SIGN_EXTEND_TEST_BENCH.ltx"/>
  <File Type="WBT-USG" Name="usage_statistics_webtalk.html"/>
  <File Type="OPT-HWDEF" Name="SIGN_EXTEND_TEST_BENCH.hwdef"/>
  <File Type="PLACE-PRE-SIMILARITY" Name="SIGN_EXTEND_TEST_BENCH_incremental_reuse_pre_placed.rpt"/>
  <File Type="ROUTE-DCP" Name="SIGN_EXTEND_TEST_BENCH_routed.dcp"/>
  <File Type="ROUTE-ERROR-DCP" Name="SIGN_EXTEND_TEST_BENCH_routed_error.dcp"/>
  <File Type="ROUTE-BLACKBOX-DCP" Name="SIGN_EXTEND_TEST_BENCH_routed_bb.dcp"/>
  <File Type="ROUTE-TIMING-PB" Name="SIGN_EXTEND_TEST_BENCH_timing_summary_routed.pb"/>
  <File Type="OPT-DCP" Name="SIGN_EXTEND_TEST_BENCH_opt.dcp"/>
  <File Type="PLACE-DCP" Name="SIGN_EXTEND_TEST_BENCH_placed.dcp"/>
  <File Type="PWROPT-DCP" Name="SIGN_EXTEND_TEST_BENCH_pwropt.dcp"/>
  <File Type="POSTPLACE-PWROPT-DCP" Name="SIGN_EXTEND_TEST_BENCH_postplace_pwropt.dcp"/>
  <File Type="PHYSOPT-DCP" Name="SIGN_EXTEND_TEST_BENCH_physopt.dcp"/>
  <File Type="POSTROUTE-PHYSOPT-DCP" Name="SIGN_EXTEND_TEST_BENCH_postroute_physopt.dcp"/>
  <File Type="POSTROUTE-PHYSOPT-BLACKBOX-DCP" Name="SIGN_EXTEND_TEST_BENCH_postroute_physopt_bb.dcp"/>
  <File Type="PDI-FILE" Name="SIGN_EXTEND_TEST_BENCH.pdi"/>
  <File Type="RCFI_FILE" Name="SIGN_EXTEND_TEST_BENCH.rcfi"/>
  <File Type="CFI_FILE" Name="SIGN_EXTEND_TEST_BENCH.cfi"/>
  <File Type="RNPI_FILE" Name="SIGN_EXTEND_TEST_BENCH.rnpi"/>
  <File Type="NPI_FILE" Name="SIGN_EXTEND_TEST_BENCH.npi"/>
  <File Type="RBD_FILE" Name="SIGN_EXTEND_TEST_BENCH.rbd"/>
  <FileSet Name="sources" Type="DesignSrcs" RelSrcDir="$PSRCDIR/sources_1" RelGenDir="$PGENDIR/sources_1">
    <Filter Type="Srcs"/>
    <File Path="$PSRCDIR/sources_1/new/Sign_Extend.vhd">
      <FileInfo>
        <Attr Name="UsedIn" Val="synthesis"/>
        <Attr Name="UsedIn" Val="simulation"/>
      </FileInfo>
    </File>
    <File Path="$PSRCDIR/sources_1/new/SIGN_EXTEND_TEST_BENCH.vhd">
      <FileInfo>
        <Attr Name="UsedIn" Val="synthesis"/>
        <Attr Name="UsedIn" Val="simulation"/>
      </FileInfo>
    </File>
    <File Path="$PSRCDIR/sources_1/new/Program_Counter.vhd">
      <FileInfo>
        <Attr Name="AutoDisabled" Val="1"/>
        <Attr Name="UsedIn" Val="synthesis"/>
        <Attr Name="UsedIn" Val="simulation"/>
      </FileInfo>
    </File>
    <File Path="$PSRCDIR/sources_1/new/Data_RAM.vhd">
      <FileInfo>
        <Attr Name="AutoDisabled" Val="1"/>
        <Attr Name="UsedIn" Val="synthesis"/>
        <Attr Name="UsedIn" Val="simulation"/>
      </FileInfo>
    </File>
    <File Path="$PSRCDIR/sources_1/new/DATA_MEMORY_TEST_BENCH.vhd">
      <FileInfo>
        <Attr Name="AutoDisabled" Val="1"/>
        <Attr Name="UsedIn" Val="synthesis"/>
        <Attr Name="UsedIn" Val="simulation"/>
      </FileInfo>
    </File>
    <File Path="$PSRCDIR/sources_1/new/ALUv2.vhd">
      <FileInfo>
        <Attr Name="AutoDisabled" Val="1"/>
        <Attr Name="UsedIn" Val="synthesis"/>
        <Attr Name="UsedIn" Val="simulation"/>
      </FileInfo>
    </File>
    <File Path="$PSRCDIR/sources_1/new/ALU_TEST_BENCH.vhd">
      <FileInfo>
        <Attr Name="AutoDisabled" Val="1"/>
        <Attr Name="UsedIn" Val="synthesis"/>
        <Attr Name="UsedIn" Val="simulation"/>
      </FileInfo>
    </File>
    <File Path="$PSRCDIR/sources_1/new/REGISTER_FILE.vhd">
      <FileInfo>
        <Attr Name="AutoDisabled" Val="1"/>
        <Attr Name="UsedIn" Val="synthesis"/>
        <Attr Name="UsedIn" Val="simulation"/>
      </FileInfo>
    </File>
    <File Path="$PPRDIR/../../../Downloads/rf_tb.vhd">
      <FileInfo>
        <Attr Name="AutoDisabled" Val="1"/>
        <Attr Name="UsedIn" Val="synthesis"/>
        <Attr Name="UsedIn" Val="simulation"/>
      </FileInfo>
    </File>
    <File Path="$PSRCDIR/sources_1/new/INSTUCTION_RAM.vhd">
      <FileInfo>
        <Attr Name="AutoDisabled" Val="1"/>
        <Attr Name="UsedIn" Val="synthesis"/>
        <Attr Name="UsedIn" Val="simulation"/>
      </FileInfo>
    </File>
    <File Path="$PSRCDIR/sources_1/new/INSTRUCTION_MEMORY_TEST_BENCH.vhd">
      <FileInfo>
        <Attr Name="AutoDisabled" Val="1"/>
        <Attr Name="UsedIn" Val="synthesis"/>
        <Attr Name="UsedIn" Val="simulation"/>
      </FileInfo>
    </File>
    <File Path="$PSRCDIR/sources_1/new/CPU.vhd">
      <FileInfo>
        <Attr Name="AutoDisabled" Val="1"/>
        <Attr Name="UsedIn" Val="synthesis"/>
        <Attr Name="UsedIn" Val="simulation"/>
      </FileInfo>
    </File>
    <File Path="$PSRCDIR/sources_1/new/CPU_TESTBENCH.vhd">
      <FileInfo>
        <Attr Name="AutoDisabled" Val="1"/>
        <Attr Name="UsedIn" Val="synthesis"/>
        <Attr Name="UsedIn" Val="simulation"/>
      </FileInfo>
    </File>
    <Config>
      <Option Name="DesignMode" Val="RTL"/>
      <Option Name="TopModule" Val="SIGN_EXTEND_TEST_BENCH"/>
    </Config>
  </FileSet>
  <FileSet Name="constrs_in" Type="Constrs" RelSrcDir="$PSRCDIR/constrs_1">
    <Filter Type="Constrs"/>
    <Config>
      <Option Name="ConstrsType" Val="XDC"/>
    </Config>
  </FileSet>
  <FileSet Name="utils" Type="Utils" RelSrcDir="$PSRCDIR/utils_1">
    <Filter Type="Utils"/>
    <Config>
      <Option Name="TopAutoSet" Val="TRUE"/>
    </Config>
  </FileSet>
  <Strategy Version="1" Minor="2">
    <StratHandle Name="Vivado Implementation Defaults" Flow="Vivado Implementation 2020"/>
    <Step Id="init_design"/>
    <Step Id="opt_design"/>
    <Step Id="power_opt_design"/>
    <Step Id="place_design"/>
    <Step Id="post_place_power_opt_design"/>
    <Step Id="phys_opt_design"/>
    <Step Id="route_design"/>
    <Step Id="post_route_phys_opt_design"/>
    <Step Id="write_bitstream"/>
    <Step Id="write_device_image"/>
  </Strategy>
</GenRun>
